{"rightShoulderPosition": {"x": 301.13285064697266, "y": 408.0457592010498, "z": 0.0}, "leftShoulderPosition": {"x": 516.6225433349609, "y": 436.35294914245605, "z": 0.0}, "rightElbowPosition": {"x": 149.95625495910645, "y": 363.6112117767334, "z": 0.0}, "leftElbowPosition": {"x": 587.1887969970703, "y": 573.6302375793457, "z": 0.0}, "rightWristPosition": {"x": 204.41753387451172, "y": 237.33412742614746, "z": 0.0}, "leftWristPosition": {"x": 579.4756317138672, "y": 707.3860931396484, "z": 0.0}}